ED EA 63	69 1EBF 63
ED EA 6D	69 1EBF 6D
ED EA 6E	69 1EBF 6E
ED EA 6E 67	69 1EBF 6E 67
ED EA 70	69 1EBF 70
ED EA 74	69 1EBF 74
ED EA 75	69 1EBF 75
69 EA FA	69 1EBF 75
EC EA 6D	69 1EC1 6D
EC EA 6E	69 1EC1 6E
EC EA 6E 67	69 1EC1 6E 67
EC EA 75	69 1EC1 75
69 EA F9	69 1EC1 75
1EC9 EA 6D	69 1EC3 6D
1EC9 EA 6E	69 1EC3 6E
1EC9 EA 6E 67	69 1EC3 6E 67
1EC9 EA 75	69 1EC3 75
69 EA 1EE7	69 1EC3 75
129 EA 6D	69 1EC5 6D
129 EA 6E	69 1EC5 6E
129 EA 6E 67	69 1EC5 6E 67
129 EA 75	69 1EC5 75
69 EA 169	69 1EC5 75
1ECB EA 63	69 1EC7 63
1ECB EA 6D	69 1EC7 6D
1ECB EA 6E	69 1EC7 6E
1ECB EA 6E 67	69 1EC7 6E 67
1ECB EA 70	69 1EC7 70
1ECB EA 74	69 1EC7 74
1ECB EA 75	69 1EC7 75
69 EA 1EE5	69 1EC7 75
F2 61	6F E0
F2 61 69	6F E0 69
6F 61 EC	6F E0 69
F2 61 6D	6F E0 6D
F2 61 6E	6F E0 6E
F2 61 6E 67	6F E0 6E 67
F2 61 6E 68	6F E0 6E 68
F2 61 6F	6F E0 6F
6F 61 F2	6F E0 6F
F2 61 79	6F E0 79
6F 61 1EF3	6F E0 79
F3 61	6F E1
F3 61 63	6F E1 63
F3 61 63 68	6F E1 63 68
F3 61 69	6F E1 69
6F 61 ED	6F E1 69
F3 61 6D	6F E1 6D
F3 61 6E	6F E1 6E
F3 61 6E 67	6F E1 6E 67
F3 61 6E 68	6F E1 6E 68
F3 61 6F	6F E1 6F
6F 61 F3	6F E1 6F
F3 61 70	6F E1 70
F3 61 74	6F E1 74
F3 61 79	6F E1 79
6F 61 FD	6F E1 79
F5 61	6F E3
F5 61 69	6F E3 69
6F 61 129	6F E3 69
F5 61 6D	6F E3 6D
F5 61 6E	6F E3 6E
F5 61 6E 67	6F E3 6E 67
F5 61 6E 68	6F E3 6E 68
F5 61 6F	6F E3 6F
6F 61 F5	6F E3 6F
F5 61 79	6F E3 79
6F 61 1EF9	6F E3 79
F2 65	6F E8
F2 65 6D	6F E8 6D
F2 65 6E	6F E8 6E
F2 65 6E 67	6F E8 6E 67
F2 65 6F	6F E8 6F
6F 65 F2	6F E8 6F
F3 65	6F E9
F3 65 63	6F E9 63
F3 65 6D	6F E9 6D
F3 65 6E	6F E9 6E
F3 65 6E 67	6F E9 6E 67
F3 65 6F	6F E9 6F
6F 65 F3	6F E9 6F
F3 65 70	6F E9 70
F3 65 74	6F E9 74
F2 6F 6E 67	6F F2 6E 67
F3 6F 63	6F F3 63
F3 6F 6E 67	6F F3 6E 67
F5 6F 6E 67	6F F5 6E 67
1ECD 61	6F 1EA1
1ECD 61 63	6F 1EA1 63
1ECD 61 63 68	6F 1EA1 63 68
1ECD 61 69	6F 1EA1 69
6F 61 1ECB	6F 1EA1 69
1ECD 61 6D	6F 1EA1 6D
1ECD 61 6E	6F 1EA1 6E
1ECD 61 6E 67	6F 1EA1 6E 67
1ECD 61 6E 68	6F 1EA1 6E 68
1ECD 61 6F	6F 1EA1 6F
6F 61 1ECD	6F 1EA1 6F
1ECD 61 70	6F 1EA1 70
1ECD 61 74	6F 1EA1 74
1ECD 61 79	6F 1EA1 79
6F 61 1EF5	6F 1EA1 79
1ECF 61	6F 1EA3
1ECF 61 69	6F 1EA3 69
6F 61 1EC9	6F 1EA3 69
1ECF 61 6D	6F 1EA3 6D
1ECF 61 6E	6F 1EA3 6E
1ECF 61 6E 67	6F 1EA3 6E 67
1ECF 61 6E 68	6F 1EA3 6E 68
1ECF 61 6F	6F 1EA3 6F
6F 61 1ECF	6F 1EA3 6F
1ECF 61 79	6F 1EA3 79
6F 61 1EF7	6F 1EA3 79
F3 103 63	6F 1EAF 63
F3 103 6D	6F 1EAF 6D
F3 103 6E	6F 1EAF 6E
F3 103 6E 67	6F 1EAF 6E 67
F3 103 70	6F 1EAF 70
F3 103 74	6F 1EAF 74
F2 103 6D	6F 1EB1 6D
F2 103 6E	6F 1EB1 6E
F2 103 6E 67	6F 1EB1 6E 67
1ECF 103 6D	6F 1EB3 6D
1ECF 103 6E	6F 1EB3 6E
1ECF 103 6E 67	6F 1EB3 6E 67
F5 103 6D	6F 1EB5 6D
F5 103 6E	6F 1EB5 6E
F5 103 6E 67	6F 1EB5 6E 67
1ECD 103 63	6F 1EB7 63
1ECD 103 6D	6F 1EB7 6D
1ECD 103 6E	6F 1EB7 6E
1ECD 103 6E 67	6F 1EB7 6E 67
1ECD 103 70	6F 1EB7 70
1ECD 103 74	6F 1EB7 74
1ECD 65	6F 1EB9
1ECD 65 63	6F 1EB9 63
1ECD 65 6D	6F 1EB9 6D
1ECD 65 6E	6F 1EB9 6E
1ECD 65 6E 67	6F 1EB9 6E 67
1ECD 65 6F	6F 1EB9 6F
6F 65 1ECD	6F 1EB9 6F
1ECD 65 70	6F 1EB9 70
1ECD 65 74	6F 1EB9 74
1ECF 65	6F 1EBB
1ECF 65 6D	6F 1EBB 6D
1ECF 65 6E	6F 1EBB 6E
1ECF 65 6E 67	6F 1EBB 6E 67
1ECF 65 6F	6F 1EBB 6F
6F 65 1ECF	6F 1EBB 6F
F5 65	6F 1EBD
F5 65 6D	6F 1EBD 6D
F5 65 6E	6F 1EBD 6E
F5 65 6E 67	6F 1EBD 6E 67
F5 65 6F	6F 1EBD 6F
6F 65 F5	6F 1EBD 6F
1ECD 6F 63	6F 1ECD 63
1ECD 6F 6E 67	6F 1ECD 6E 67
1ECF 6F 6E 67	6F 1ECF 6E 67
FA 79 EA 6E	75 79 1EBF 6E
75 FD EA 6E	75 79 1EBF 6E
FA 79 EA 74	75 79 1EBF 74
75 FD EA 74	75 79 1EBF 74
F9 79 EA 6E	75 79 1EC1 6E
75 1EF3 EA 6E	75 79 1EC1 6E
1EE7 79 EA 6E	75 79 1EC3 6E
75 1EF7 EA 6E	75 79 1EC3 6E
169 79 EA 6E	75 79 1EC5 6E
75 1EF9 EA 6E	75 79 1EC5 6E
1EE5 79 EA 6E	75 79 1EC7 6E
75 1EF5 EA 6E	75 79 1EC7 6E
1EE5 79 EA 74	75 79 1EC7 74
75 1EF5 EA 74	75 79 1EC7 74
FA 79	75 FD
FA 79 61	75 FD 61
75 79 E1	75 FD 61
FA 79 63 68	75 FD 63 68
FA 79 6D	75 FD 6D
FA 79 6E	75 FD 6E
FA 79 6E 68	75 FD 6E 68
FA 79 70	75 FD 70
FA 79 74	75 FD 74
FA 79 75	75 FD 75
75 79 FA	75 FD 75
FA E2 6E	75 1EA5 6E
FA E2 6E 67	75 1EA5 6E 67
FA E2 74	75 1EA5 74
FA E2 79	75 1EA5 79
75 E2 FD	75 1EA5 79
F9 E2 6E	75 1EA7 6E
F9 E2 6E 67	75 1EA7 6E 67
F9 E2 79	75 1EA7 79
75 E2 1EF3	75 1EA7 79
1EE7 E2 6E	75 1EA9 6E
1EE7 E2 6E 67	75 1EA9 6E 67
1EE7 E2 79	75 1EA9 79
75 E2 1EF7	75 1EA9 79
169 E2 6E	75 1EAB 6E
169 E2 6E 67	75 1EAB 6E 67
169 E2 79	75 1EAB 79
75 E2 1EF9	75 1EAB 79
1EE5 E2 6E	75 1EAD 6E
1EE5 E2 74	75 1EAD 74
1EE5 E2 79	75 1EAD 79
75 E2 1EF5	75 1EAD 79
FA EA	75 1EBF
FA EA 63 68	75 1EBF 63 68
FA EA 6E 68	75 1EBF 6E 68
F9 EA	75 1EC1
F9 EA 6E 68	75 1EC1 6E 68
1EE7 EA	75 1EC3
1EE7 EA 6E 68	75 1EC3 6E 68
169 EA	75 1EC5
169 EA 6E 68	75 1EC5 6E 68
1EE5 EA	75 1EC7
1EE5 EA 63 68	75 1EC7 63 68
1EE5 EA 6E 68	75 1EC7 6E 68
FA F4 63	75 1ED1 63
FA F4 69	75 1ED1 69
75 F4 ED	75 1ED1 69
FA F4 6D	75 1ED1 6D
FA F4 6E	75 1ED1 6E
FA F4 6E 67	75 1ED1 6E 67
FA F4 74	75 1ED1 74
F9 F4 69	75 1ED3 69
75 F4 EC	75 1ED3 69
F9 F4 6D	75 1ED3 6D
F9 F4 6E	75 1ED3 6E
F9 F4 6E 67	75 1ED3 6E 67
1EE7 F4 69	75 1ED5 69
75 F4 1EC9	75 1ED5 69
1EE7 F4 6D	75 1ED5 6D
1EE7 F4 6E	75 1ED5 6E
1EE7 F4 6E 67	75 1ED5 6E 67
169 F4 69	75 1ED7 69
75 F4 129	75 1ED7 69
169 F4 6D	75 1ED7 6D
169 F4 6E	75 1ED7 6E
169 F4 6E 67	75 1ED7 6E 67
1EE5 F4 63	75 1ED9 63
1EE5 F4 69	75 1ED9 69
75 F4 1ECB	75 1ED9 69
1EE5 F4 6D	75 1ED9 6D
1EE5 F4 6E	75 1ED9 6E
1EE5 F4 6E 67	75 1ED9 6E 67
1EE5 F4 74	75 1ED9 74
FA 1A1	75 1EDB
F9 1A1	75 1EDD
1EE7 1A1	75 1EDF
169 1A1	75 1EE1
1EE5 1A1	75 1EE3
F9 79	75 1EF3
F9 79 61	75 1EF3 61
75 79 E0	75 1EF3 61
F9 79 6D	75 1EF3 6D
F9 79 6E	75 1EF3 6E
F9 79 6E 68	75 1EF3 6E 68
F9 79 75	75 1EF3 75
75 79 F9	75 1EF3 75
1EE5 79	75 1EF5
1EE5 79 61	75 1EF5 61
75 79 1EA1	75 1EF5 61
1EE5 79 63 68	75 1EF5 63 68
1EE5 79 6D	75 1EF5 6D
1EE5 79 6E	75 1EF5 6E
1EE5 79 6E 68	75 1EF5 6E 68
1EE5 79 70	75 1EF5 70
1EE5 79 74	75 1EF5 74
1EE5 79 75	75 1EF5 75
75 79 1EE5	75 1EF5 75
1EE7 79	75 1EF7
1EE7 79 61	75 1EF7 61
75 79 1EA3	75 1EF7 61
1EE7 79 6D	75 1EF7 6D
1EE7 79 6E	75 1EF7 6E
1EE7 79 6E 68	75 1EF7 6E 68
1EE7 79 75	75 1EF7 75
75 79 1EE7	75 1EF7 75
169 79	75 1EF9
169 79 61	75 1EF9 61
75 79 E3	75 1EF9 61
169 79 6D	75 1EF9 6D
169 79 6E	75 1EF9 6E
169 79 6E 68	75 1EF9 6E 68
169 79 75	75 1EF9 75
75 79 169	75 1EF9 75
61 EC	E0 69
61 F2	E0 6F
61 F9	E0 75
61 1EF3	E0 79
61 ED	E1 69
61 F3	E1 6F
61 FA	E1 75
61 FD	E1 79
61 129	E3 69
61 F5	E3 6F
61 169	E3 75
61 1EF9	E3 79
65 F2	E8 6F
65 F3	E9 6F
69 E0	EC 61
69 F9	EC 75
69 E1	ED 61
69 FA	ED 75
6F EC	F2 69
6F ED	F3 69
6F 129	F5 69
75 E0	F9 61
75 EC	F9 69
75 E1	FA 61
75 ED	FA 69
69 E3	129 61
69 169	129 75
75 E3	169 61
75 129	169 69
1EE9 1A1 63	1B0 1EDB 63
1EE9 1A1 69	1B0 1EDB 69
1B0 1A1 ED	1B0 1EDB 69
1EE9 1A1 6D	1B0 1EDB 6D
1EE9 1A1 6E	1B0 1EDB 6E
1EE9 1A1 6E 67	1B0 1EDB 6E 67
1EE9 1A1 70	1B0 1EDB 70
1EE9 1A1 74	1B0 1EDB 74
1EE9 1A1 75	1B0 1EDB 75
1B0 1A1 FA	1B0 1EDB 75
1EEB 1A1 69	1B0 1EDD 69
1B0 1A1 EC	1B0 1EDD 69
1EEB 1A1 6D	1B0 1EDD 6D
1EEB 1A1 6E	1B0 1EDD 6E
1EEB 1A1 6E 67	1B0 1EDD 6E 67
1EEB 1A1 75	1B0 1EDD 75
1B0 1A1 F9	1B0 1EDD 75
1EED 1A1 69	1B0 1EDF 69
1B0 1A1 1EC9	1B0 1EDF 69
1EED 1A1 6D	1B0 1EDF 6D
1EED 1A1 6E	1B0 1EDF 6E
1EED 1A1 6E 67	1B0 1EDF 6E 67
1EED 1A1 75	1B0 1EDF 75
1B0 1A1 1EE7	1B0 1EDF 75
1EEF 1A1 69	1B0 1EE1 69
1B0 1A1 129	1B0 1EE1 69
1EEF 1A1 6D	1B0 1EE1 6D
1EEF 1A1 6E	1B0 1EE1 6E
1EEF 1A1 6E 67	1B0 1EE1 6E 67
1EEF 1A1 75	1B0 1EE1 75
1B0 1A1 169	1B0 1EE1 75
1EF1 1A1 63	1B0 1EE3 63
1EF1 1A1 69	1B0 1EE3 69
1B0 1A1 1ECB	1B0 1EE3 69
1EF1 1A1 6D	1B0 1EE3 6D
1EF1 1A1 6E	1B0 1EE3 6E
1EF1 1A1 6E 67	1B0 1EE3 6E 67
1EF1 1A1 70	1B0 1EE3 70
1EF1 1A1 74	1B0 1EE3 74
1EF1 1A1 75	1B0 1EE3 75
1B0 1A1 1EE5	1B0 1EE3 75
61 1ECB	1EA1 69
61 1ECD	1EA1 6F
61 1EE5	1EA1 75
61 1EF5	1EA1 79
61 1EC9	1EA3 69
61 1ECF	1EA3 6F
61 1EE7	1EA3 75
61 1EF7	1EA3 79
E2 FA	1EA5 75
E2 FD	1EA5 79
E2 F9	1EA7 75
E2 1EF3	1EA7 79
E2 1EE7	1EA9 75
E2 1EF7	1EA9 79
E2 169	1EAB 75
E2 1EF9	1EAB 79
E2 1EE5	1EAD 75
E2 1EF5	1EAD 79
65 1ECD	1EB9 6F
65 1ECF	1EBB 6F
65 F5	1EBD 6F
EA FA	1EBF 75
EA F9	1EC1 75
EA 1EE7	1EC3 75
EA 169	1EC5 75
EA 1EE5	1EC7 75
69 1EA3	1EC9 61
69 1EE7	1EC9 75
69 1EA1	1ECB 61
69 1EE5	1ECB 75
6F 1ECB	1ECD 69
6F 1EC9	1ECF 69
F4 ED	1ED1 69
F4 EC	1ED3 69
F4 1EC9	1ED5 69
F4 129	1ED7 69
F4 1ECB	1ED9 69
1A1 ED	1EDB 69
1A1 EC	1EDD 69
1A1 1EC9	1EDF 69
1A1 129	1EE1 69
1A1 1ECB	1EE3 69
75 1EA1	1EE5 61
75 1ECB	1EE5 69
75 1EA3	1EE7 61
75 1EC9	1EE7 69
1B0 E1	1EE9 61
1B0 ED	1EE9 69
1B0 FA	1EE9 75
1B0 E0	1EEB 61
1B0 EC	1EEB 69
1B0 F9	1EEB 75
1B0 1EA3	1EED 61
1B0 1EC9	1EED 69
1B0 1EE7	1EED 75
1B0 E3	1EEF 61
1B0 129	1EEF 69
1B0 169	1EEF 75
1B0 1EA1	1EF1 61
1B0 1ECB	1EF1 69
1B0 1EE5	1EF1 75
